study_id,matrix,n_scales,overarching_domain,fields,administration_mode,short_scales,population,scale_search,database,prisma_a,prisma,inclusion_criteria_applicable,inclusion_binary,clinical_relevance,language_mentioned,availability_mentioned,release_date_mentioned,frequency,min_scale_citation,exclusion_criteria,multiple_analyses,item_unit,percentage_reduction,within_scale_item_collapse,compound_items,compound_items_codes,idiosyncratic_items,reverse_worded_items,categorization_approach,diagnostic_framework,coding_team_reported,initial_coding_team_size,rater_expertise_mentioned,blinded,codebook,software_mentioned,software_used,item_exclusions,n_rater,IRR_reported,preregistered_rules,coding_scheme_independent_mentioned,disagreement_resolved_mentioned,mean_overlap,mean_overlap_nr,min_overlap,min_overlap_nr,max_overlap,max_overlap_nr,length_correlation_noted,correlation_lengthxmeanoverlap_type,correlation_lengthxmeanoverlap_value,heterogeneity_emphasized,overlap_reported,noninterchangeability_emphasized,recommend_careful_measure_selection,recommend_measure_development,ica_methods_problems,matrix_source
Kook2024,TRUE,7,psychological_condition,clinical_psychopathology,self_report,FALSE,children,TRUE,google_scholar,TRUE,FALSE,TRUE,TRUE,FALSE,TRUE,FALSE,FALSE,TRUE,TRUE,TRUE,FALSE,criterion_level,81.739999999999995,FALSE,TRUE,multi_coded,TRUE,FALSE,top_down,dsm,TRUE,2,FALSE,FALSE,TRUE,TRUE,r,FALSE,4,TRUE,FALSE,TRUE,TRUE,TRUE,0.28,TRUE,0.14,TRUE,0.5,FALSE,NA,NA,TRUE,weak_overlap,TRUE,TRUE,TRUE,TRUE,main_text
Vilar2022,TRUE,18,psychological_condition,clinical_psychopathology,self_report,FALSE,mixed,TRUE,pubmed; psycinfo,TRUE,FALSE,TRUE,TRUE,TRUE,TRUE,FALSE,FALSE,TRUE,FALSE,TRUE,TRUE,symptom_level; category_level,90.19; 98.68,TRUE,TRUE,multi_coded,FALSE,FALSE,top_down,dsm,TRUE,2,FALSE,FALSE,FALSE,FALSE,not_mentioned,TRUE,3,TRUE,FALSE,TRUE,TRUE,TRUE,0.3,TRUE,0.05,TRUE,0.59,TRUE,positive_numeric,0.58,TRUE,weak_overlap,FALSE,TRUE,TRUE,FALSE,main_text
Chrobak2018,TRUE,7,psychological_condition,clinical_psychopathology,mixed,TRUE,adults,TRUE,pubmed,TRUE,FALSE,TRUE,TRUE,TRUE,TRUE,FALSE,FALSE,TRUE,FALSE,TRUE,FALSE,symptom_level,50,FALSE,TRUE,multi_coded,TRUE,TRUE,bottom_up,dsm,FALSE,NA,FALSE,FALSE,FALSE,TRUE,r,FALSE,NA,FALSE,FALSE,FALSE,FALSE,TRUE,0.35,TRUE,0.2,TRUE,0.65,TRUE,positive_numeric,0.65,TRUE,weak_overlap,TRUE,TRUE,FALSE,TRUE,main_text
Visontay2019,TRUE,7,psychological_condition,clinical_psychopathology,self_report,TRUE,mixed,TRUE,medline; psycinfo,TRUE,FALSE,TRUE,TRUE,TRUE,TRUE,TRUE,FALSE,FALSE,FALSE,FALSE,FALSE,symptom_level,73.790000000000006,TRUE,TRUE,multi_coded,TRUE,FALSE,bottom_up,dsm,FALSE,NA,FALSE,FALSE,FALSE,TRUE,r,TRUE,NA,FALSE,FALSE,FALSE,FALSE,TRUE,0.39,TRUE,0.18,TRUE,0.6,TRUE,null_numeric,-0.09,TRUE,weak_overlap,TRUE,TRUE,TRUE,TRUE,main_text
Hendriks2020,TRUE,3,transdiagnostic_feature,developmental,parent_report,TRUE,children,FALSE,NA,FALSE,NA,FALSE,NA,NA,NA,NA,NA,NA,NA,NA,FALSE,symptom_level,52.73,TRUE,FALSE,NA,FALSE,FALSE,bottom_up,dsm,FALSE,NA,FALSE,FALSE,FALSE,TRUE,r,FALSE,NA,FALSE,FALSE,FALSE,FALSE,FALSE,NA,TRUE,0,TRUE,0.5,FALSE,NA,NA,FALSE,weak_overlap,TRUE,FALSE,FALSE,FALSE,main_text
Castro2023,TRUE,6,psychological_condition,clinical_psychopathology,observer_report,FALSE,adults,TRUE,indeterminable,TRUE,FALSE,TRUE,FALSE,FALSE,FALSE,FALSE,FALSE,FALSE,FALSE,FALSE,FALSE,symptom_level,60.68,TRUE,FALSE,NA,TRUE,FALSE,mixed,none,TRUE,1,FALSE,FALSE,FALSE,TRUE,no_code,FALSE,2,TRUE,FALSE,TRUE,TRUE,FALSE,NA,TRUE,0.169,TRUE,0.476,TRUE,positive_text_only,NA,TRUE,weak_overlap,FALSE,FALSE,TRUE,FALSE,main_text
Backhaus2022,TRUE,25,transdiagnostic_feature,developmental,mixed,TRUE,mixed,TRUE,cinahl; embase; eric; psycinfo; pubmed; sociological_abstracts,TRUE,TRUE,TRUE,TRUE,TRUE,TRUE,TRUE,TRUE,FALSE,FALSE,TRUE,FALSE,category_level,90.95,FALSE,TRUE,multi_coded,FALSE,FALSE,mixed,who_definition,FALSE,NA,FALSE,FALSE,TRUE,TRUE,r,TRUE,NA,FALSE,FALSE,FALSE,FALSE,TRUE,0.42,TRUE,0,TRUE,1,TRUE,positive_text_only,NA,TRUE,weak_overlap,FALSE,TRUE,TRUE,FALSE,supplement
Ong2023,TRUE,9,transdiagnostic_feature,wellbeing_qol,self_report,TRUE,mixed,TRUE,indeterminable,TRUE,TRUE,TRUE,TRUE,FALSE,TRUE,FALSE,FALSE,FALSE,FALSE,TRUE,FALSE,symptom_level,75.459999999999994,FALSE,FALSE,NA,TRUE,FALSE,bottom_up,other,TRUE,3,FALSE,FALSE,TRUE,TRUE,r,FALSE,4,TRUE,FALSE,TRUE,TRUE,TRUE,0.13,TRUE,0.06,TRUE,0.47,FALSE,NA,NA,TRUE,very_weak_overlap,TRUE,TRUE,TRUE,FALSE,main_text
Martin2022,TRUE,4,transdiagnostic_feature,other,self_report,TRUE,adults,FALSE,NA,FALSE,NA,FALSE,NA,NA,NA,NA,NA,NA,NA,NA,FALSE,item_level,0,FALSE,TRUE,other,TRUE,FALSE,bottom_up,none,TRUE,7,TRUE,FALSE,FALSE,TRUE,r,FALSE,7,TRUE,FALSE,TRUE,TRUE,TRUE,0.247,TRUE,0.059,TRUE,0.469,FALSE,NA,NA,TRUE,weak_overlap,TRUE,TRUE,TRUE,TRUE,main_text
Peipert2022,TRUE,10,transdiagnostic_feature,wellbeing_qol,self_report,TRUE,adults,FALSE,NA,FALSE,NA,FALSE,NA,NA,NA,NA,NA,NA,NA,NA,TRUE,semantic_level; symptom_level,36.62; 55.88,FALSE,FALSE,NA,TRUE,FALSE,bottom_up,none,TRUE,2,FALSE,FALSE,FALSE,TRUE,r,FALSE,2,FALSE,FALSE,TRUE,TRUE,TRUE,0.138,TRUE,0,TRUE,0.476,FALSE,NA,NA,TRUE,very_weak_overlap,TRUE,FALSE,TRUE,TRUE,main_text
Chrobak2021,TRUE,7,psychological_condition,clinical_psychopathology,indeterminable,FALSE,adults,TRUE,medline,TRUE,TRUE,TRUE,TRUE,FALSE,TRUE,FALSE,FALSE,TRUE,FALSE,TRUE,FALSE,symptom_level,57.49,TRUE,TRUE,mono_coded,TRUE,FALSE,bottom_up,none,FALSE,NA,FALSE,FALSE,FALSE,TRUE,r,FALSE,NA,FALSE,FALSE,FALSE,FALSE,TRUE,0.27,TRUE,0.1,TRUE,0.5,TRUE,positive_numeric,0.21,TRUE,weak_overlap,TRUE,TRUE,FALSE,TRUE,main_text
Charvet2022,TRUE,10,transdiagnostic_feature,clinical_psychopathology,self_report,TRUE,adults,TRUE,pubmed; psycinfo; embase,TRUE,TRUE,TRUE,TRUE,FALSE,TRUE,FALSE,TRUE,FALSE,FALSE,TRUE,FALSE,symptom_level,68.75,TRUE,TRUE,multi_coded,FALSE,TRUE,bottom_up,none,TRUE,3,TRUE,FALSE,TRUE,FALSE,not_mentioned,FALSE,3,FALSE,TRUE,FALSE,TRUE,FALSE,NA,TRUE,0,TRUE,0.5,FALSE,NA,NA,TRUE,weak_overlap,TRUE,FALSE,TRUE,FALSE,main_text
Ribotta2021,TRUE,26,other,social_interpersonal,self_report,TRUE,adults,TRUE,scopus; web_of_science; psycinfo; psycarticles,TRUE,TRUE,TRUE,TRUE,FALSE,TRUE,FALSE,FALSE,FALSE,FALSE,TRUE,FALSE,symptom_level,96.68,FALSE,TRUE,multi_coded,TRUE,FALSE,bottom_up,none,TRUE,1,FALSE,FALSE,TRUE,TRUE,r,TRUE,4,TRUE,FALSE,FALSE,TRUE,TRUE,0.39,TRUE,0,TRUE,1,TRUE,positive_numeric,0.65,TRUE,weak_overlap,FALSE,FALSE,TRUE,TRUE,main_text
Skogestad2019,TRUE,11,medical_condition,health_medicine,self_report,TRUE,adults,TRUE,medline; psycinfo; cinahl; embase,TRUE,TRUE,TRUE,TRUE,FALSE,FALSE,FALSE,TRUE,TRUE,TRUE,TRUE,FALSE,symptom_level,46.79,FALSE,FALSE,NA,FALSE,FALSE,bottom_up,none,TRUE,2,FALSE,FALSE,FALSE,FALSE,not_mentioned,FALSE,5,FALSE,FALSE,TRUE,TRUE,FALSE,NA,TRUE,0,TRUE,0.333,FALSE,NA,NA,TRUE,not_specified,FALSE,TRUE,FALSE,TRUE,main_text
Christensen2024,TRUE,6,psychological_condition,clinical_psychopathology,self_report,TRUE,adults,TRUE,indeterminable,TRUE,FALSE,TRUE,TRUE,TRUE,FALSE,TRUE,FALSE,TRUE,FALSE,FALSE,FALSE,symptom_level,58.57,TRUE,TRUE,multi_coded,TRUE,FALSE,bottom_up,dsm,TRUE,2,TRUE,FALSE,TRUE,TRUE,r,TRUE,2,FALSE,FALSE,FALSE,FALSE,TRUE,0.195,TRUE,0.083,TRUE,0.382,FALSE,NA,NA,TRUE,weak_overlap,TRUE,TRUE,FALSE,TRUE,main_text
Black2023,FALSE,22,transdiagnostic_feature,wellbeing_qol,self_report,TRUE,adolescents,TRUE,psycinfo; medline; embase; cosmin; web_of_science; google_scholar,TRUE,TRUE,TRUE,TRUE,FALSE,FALSE,FALSE,FALSE,FALSE,FALSE,TRUE,TRUE,symptom_level; category_level,91.23; 98.25,TRUE,TRUE,multi_coded,TRUE,FALSE,bottom_up,none,TRUE,1,FALSE,FALSE,TRUE,TRUE,r,FALSE,3,FALSE,FALSE,FALSE,TRUE,TRUE,0.23,TRUE,0,TRUE,1,FALSE,NA,NA,TRUE,weak_overlap,TRUE,TRUE,TRUE,FALSE,not_available
Karhulahti2023,FALSE,17,psychological_condition,clinical_psychopathology,indeterminable,TRUE,mixed,TRUE,indeterminable,TRUE,FALSE,FALSE,FALSE,FALSE,FALSE,FALSE,FALSE,FALSE,FALSE,TRUE,FALSE,criterion_level,94.86,FALSE,FALSE,NA,FALSE,FALSE,top_down,dsm; icd,TRUE,3,FALSE,FALSE,TRUE,FALSE,not_mentioned,FALSE,3,TRUE,FALSE,TRUE,TRUE,FALSE,NA,FALSE,NA,FALSE,NA,FALSE,NA,NA,TRUE,not_specified,TRUE,TRUE,TRUE,TRUE,NA
Bunaciu2024,FALSE,10,transdiagnostic_feature,wellbeing_qol,self_report,FALSE,adults,TRUE,proquest; pubmed; web_of_science; google_scholar,TRUE,TRUE,TRUE,TRUE,FALSE,TRUE,FALSE,FALSE,TRUE,FALSE,FALSE,FALSE,category_level,88.12,FALSE,FALSE,NA,FALSE,FALSE,bottom_up,none,TRUE,1,FALSE,FALSE,FALSE,TRUE,r,FALSE,2,TRUE,FALSE,FALSE,FALSE,FALSE,NA,FALSE,NA,FALSE,NA,FALSE,NA,NA,TRUE,moderate_overlap,FALSE,FALSE,TRUE,TRUE,not_available
Linton2016,FALSE,99,transdiagnostic_feature,wellbeing_qol,self_report,TRUE,adults,TRUE,pubmed; psycinfo; scopus; web_of_science,TRUE,TRUE,TRUE,TRUE,FALSE,TRUE,FALSE,TRUE,FALSE,FALSE,TRUE,FALSE,category_level,NA,FALSE,FALSE,NA,FALSE,FALSE,bottom_up,none,TRUE,2,TRUE,FALSE,FALSE,FALSE,not_mentioned,FALSE,3,FALSE,FALSE,FALSE,TRUE,FALSE,NA,FALSE,NA,FALSE,NA,FALSE,NA,NA,TRUE,not_specified,FALSE,TRUE,TRUE,FALSE,NA
Gauld2023,TRUE,12,psychological_condition,clinical_psychopathology,self_report,TRUE,adults,TRUE,google_scholar,TRUE,FALSE,TRUE,TRUE,FALSE,FALSE,FALSE,FALSE,TRUE,FALSE,FALSE,FALSE,symptom_level,87.21,FALSE,TRUE,multi_coded,TRUE,TRUE,mixed,dsm; other,TRUE,6,TRUE,TRUE,TRUE,TRUE,python,TRUE,6,FALSE,FALSE,TRUE,TRUE,TRUE,0.44,TRUE,0.3,TRUE,0.75,TRUE,positive_numeric,0.645,TRUE,moderate_overlap,FALSE,TRUE,TRUE,TRUE,main_text
Fried2017,TRUE,7,psychological_condition,clinical_psychopathology,mixed,FALSE,adults,TRUE,indeterminable,TRUE,FALSE,TRUE,TRUE,FALSE,FALSE,FALSE,FALSE,TRUE,FALSE,FALSE,FALSE,symptom_level,58.4,TRUE,TRUE,multi_coded,TRUE,TRUE,bottom_up,dsm,TRUE,1,FALSE,FALSE,FALSE,TRUE,r,FALSE,1,FALSE,FALSE,FALSE,FALSE,TRUE,0.36,TRUE,0.26,TRUE,0.61,TRUE,positive_numeric,0.57,TRUE,weak_overlap,TRUE,TRUE,TRUE,TRUE,main_text
Bernardin2023,TRUE,14,psychological_condition,clinical_psychopathology,mixed,TRUE,mixed,TRUE,indeterminable,TRUE,FALSE,TRUE,FALSE,FALSE,FALSE,FALSE,FALSE,FALSE,FALSE,FALSE,TRUE,symptom_level; category_level,80.4; 98.85,TRUE,TRUE,multi_coded,TRUE,FALSE,top_down,other,TRUE,2,TRUE,FALSE,TRUE,TRUE,python,TRUE,3,FALSE,FALSE,TRUE,TRUE,TRUE,0.194,FALSE,NA,TRUE,0.5,TRUE,positive_numeric,0.597,TRUE,weak_overlap,TRUE,TRUE,FALSE,TRUE,main_text
Koppold2023,TRUE,22,transdiagnostic_feature,developmental,mixed,TRUE,mixed,TRUE,eprovide,TRUE,FALSE,TRUE,TRUE,FALSE,FALSE,TRUE,TRUE,FALSE,FALSE,TRUE,TRUE,symptom_level; symptom_level,95.2; 93.33,FALSE,TRUE,multi_coded,TRUE,FALSE,bottom_up,who_definition,TRUE,2,FALSE,FALSE,FALSE,TRUE,r,FALSE,2,TRUE,FALSE,TRUE,TRUE,TRUE,0.29,TRUE,0.14,TRUE,0.58,TRUE,null_text_only,NA,TRUE,weak_overlap,TRUE,TRUE,TRUE,TRUE,main_text
Wall2022,TRUE,13,psychological_condition,clinical_psychopathology,self_report,FALSE,adults,TRUE,google_scholar,TRUE,FALSE,TRUE,TRUE,TRUE,TRUE,FALSE,FALSE,TRUE,TRUE,TRUE,FALSE,symptom_level,80.83,FALSE,TRUE,multi_coded,TRUE,FALSE,bottom_up,dsm,TRUE,2,FALSE,FALSE,TRUE,TRUE,r,FALSE,2,FALSE,FALSE,FALSE,FALSE,FALSE,NA,FALSE,NA,FALSE,NA,FALSE,NA,NA,TRUE,weak_overlap,TRUE,TRUE,TRUE,TRUE,main_text
Karstoft2023,TRUE,8,psychological_condition,clinical_psychopathology,self_report,TRUE,adults,TRUE,pubmed; psycinfo,TRUE,FALSE,TRUE,TRUE,FALSE,FALSE,FALSE,FALSE,TRUE,FALSE,TRUE,FALSE,symptom_level,63.33,FALSE,TRUE,other,TRUE,FALSE,bottom_up,none,TRUE,1,FALSE,FALSE,FALSE,TRUE,r,FALSE,2,FALSE,FALSE,FALSE,TRUE,TRUE,0.41,TRUE,0.19,TRUE,0.59,TRUE,positive_text_only,NA,TRUE,moderate_overlap,FALSE,TRUE,TRUE,FALSE,main_text
Elklit2024,TRUE,6,transdiagnostic_feature,developmental,self_report,FALSE,mixed,FALSE,NA,FALSE,NA,FALSE,NA,NA,NA,NA,NA,NA,NA,NA,FALSE,symptom_level,78.16,FALSE,FALSE,NA,TRUE,FALSE,bottom_up,none,TRUE,2,FALSE,FALSE,TRUE,TRUE,r,FALSE,2,FALSE,FALSE,FALSE,FALSE,TRUE,0.25,TRUE,0.091,TRUE,0.444,FALSE,NA,NA,TRUE,moderate_overlap,FALSE,TRUE,FALSE,FALSE,main_text
Lampe2024,TRUE,11,other,other,self_report,TRUE,indeterminable,TRUE,indeterminable,TRUE,FALSE,TRUE,TRUE,FALSE,FALSE,FALSE,FALSE,TRUE,TRUE,TRUE,FALSE,symptom_level,86.16,TRUE,FALSE,NA,TRUE,FALSE,bottom_up,none,TRUE,2,FALSE,FALSE,TRUE,TRUE,r,TRUE,6,TRUE,FALSE,TRUE,TRUE,TRUE,0.229,TRUE,0.139,TRUE,0.75,FALSE,NA,NA,TRUE,weak_overlap,TRUE,TRUE,TRUE,TRUE,main_text
Klooster2024,TRUE,5,medical_condition,health_medicine,self_report,TRUE,adults,TRUE,indeterminable,TRUE,FALSE,TRUE,FALSE,FALSE,FALSE,FALSE,FALSE,FALSE,FALSE,FALSE,FALSE,symptom_level,40.909999999999997,TRUE,FALSE,NA,TRUE,FALSE,bottom_up,guideline,TRUE,2,FALSE,TRUE,FALSE,TRUE,r,FALSE,3,FALSE,FALSE,TRUE,TRUE,TRUE,0.11,TRUE,0,TRUE,0.43,FALSE,NA,NA,TRUE,very_weak_overlap,TRUE,TRUE,FALSE,FALSE,main_text
Vial2019,FALSE,7,other,developmental,structured_interview,FALSE,mixed,TRUE,psycinfo; pubmed; sociological_abstracts; web_of_science; sciencedirect; eric; google_scholar,TRUE,TRUE,TRUE,TRUE,FALSE,FALSE,TRUE,TRUE,FALSE,FALSE,TRUE,FALSE,symptom_level,74.64,FALSE,TRUE,multi_coded,TRUE,FALSE,bottom_up,none,TRUE,1,TRUE,FALSE,FALSE,FALSE,not_mentioned,TRUE,4,FALSE,FALSE,FALSE,TRUE,FALSE,NA,FALSE,NA,FALSE,NA,FALSE,NA,NA,TRUE,not_specified,FALSE,FALSE,TRUE,FALSE,NA
Deericks2025,FALSE,9,psychological_condition,clinical_psychopathology,mixed,TRUE,children,FALSE,NA,FALSE,NA,FALSE,NA,NA,NA,NA,NA,NA,NA,NA,FALSE,symptom_level,NA,FALSE,FALSE,NA,FALSE,FALSE,bottom_up,icd,FALSE,NA,FALSE,FALSE,FALSE,TRUE,r,FALSE,NA,FALSE,FALSE,FALSE,FALSE,TRUE,0.42,TRUE,0.17,TRUE,0.85,FALSE,NA,NA,FALSE,moderate_overlap,FALSE,FALSE,FALSE,FALSE,not_available
Gauld2024,TRUE,11,medical_condition,health_medicine,self_report,TRUE,adults,TRUE,pubmed,TRUE,FALSE,TRUE,TRUE,FALSE,FALSE,FALSE,FALSE,FALSE,FALSE,FALSE,TRUE,symptom_level; category_level,65.28; 95.83,TRUE,TRUE,multi_coded,TRUE,FALSE,bottom_up,dsm; other,TRUE,6,TRUE,FALSE,TRUE,TRUE,python,TRUE,8,FALSE,FALSE,FALSE,TRUE,TRUE,0.237,FALSE,NA,TRUE,0.329,TRUE,null_numeric,0.155,TRUE,weak_overlap,FALSE,TRUE,FALSE,FALSE,main_text
Chrobak2024,TRUE,7,medical_condition,health_medicine,structured_interview,TRUE,adults,TRUE,medline,TRUE,TRUE,TRUE,TRUE,FALSE,TRUE,FALSE,FALSE,TRUE,FALSE,TRUE,FALSE,symptom_level,32.090000000000003,TRUE,TRUE,multi_coded,TRUE,FALSE,bottom_up,none,FALSE,NA,FALSE,FALSE,FALSE,TRUE,r,FALSE,NA,FALSE,FALSE,FALSE,FALSE,TRUE,0.17,TRUE,0,TRUE,0.64,TRUE,positive_numeric,0.61,TRUE,very_weak_overlap,TRUE,FALSE,TRUE,TRUE,main_text
Leung2025,TRUE,6,other,developmental,parent_report,FALSE,children,TRUE,psycinfo; embase; google_scholar,TRUE,TRUE,TRUE,TRUE,FALSE,TRUE,TRUE,FALSE,FALSE,FALSE,TRUE,FALSE,category_level,87.42,TRUE,TRUE,multi_coded,TRUE,TRUE,mixed,none,TRUE,2,FALSE,FALSE,FALSE,TRUE,r,TRUE,2,FALSE,FALSE,FALSE,TRUE,TRUE,0.28,TRUE,0.06,TRUE,0.59,TRUE,positive_numeric,0.73,TRUE,weak_overlap,TRUE,TRUE,TRUE,FALSE,main_text
Lindert2025,FALSE,24,psychological_condition,clinical_psychopathology,self_report,TRUE,adults,TRUE,pubmed; embase; psycinfo; cinahl; web_of_science; ptsdpubs,TRUE,TRUE,TRUE,TRUE,FALSE,TRUE,FALSE,TRUE,FALSE,FALSE,TRUE,FALSE,category_level,90.19,FALSE,FALSE,NA,FALSE,FALSE,top_down,dsm,TRUE,2,FALSE,FALSE,FALSE,FALSE,not_mentioned,FALSE,2,FALSE,FALSE,TRUE,TRUE,FALSE,NA,FALSE,NA,FALSE,NA,FALSE,NA,NA,TRUE,not_specified,FALSE,FALSE,TRUE,FALSE,NA
Dass2024,TRUE,7,other,developmental,self_report,TRUE,adults,TRUE,psycinfo; eric; web_of_science; scopus,TRUE,TRUE,TRUE,TRUE,FALSE,TRUE,TRUE,FALSE,FALSE,FALSE,TRUE,FALSE,category_level,75.83,TRUE,TRUE,multi_coded,TRUE,TRUE,mixed,none,FALSE,NA,FALSE,FALSE,TRUE,TRUE,r,FALSE,NA,FALSE,FALSE,FALSE,TRUE,TRUE,0.09,FALSE,NA,TRUE,0.25,TRUE,other_unclear,NA,TRUE,very_weak_overlap,TRUE,TRUE,FALSE,FALSE,main_text
Newson2020,FALSE,126,psychological_condition,clinical_psychopathology,mixed,TRUE,mixed,TRUE,pubmed; google_scholar,TRUE,FALSE,TRUE,TRUE,FALSE,FALSE,FALSE,TRUE,TRUE,FALSE,TRUE,FALSE,category_level,99.58,FALSE,TRUE,multi_coded,FALSE,FALSE,bottom_up,dsm,FALSE,NA,FALSE,FALSE,FALSE,FALSE,not_mentioned,TRUE,NA,FALSE,FALSE,FALSE,FALSE,FALSE,NA,FALSE,NA,FALSE,NA,TRUE,other_unclear,NA,TRUE,weak_overlap,FALSE,FALSE,TRUE,FALSE,NA
Garcia2027,TRUE,12,other,developmental,self_report,TRUE,mixed,TRUE,indeterminable,TRUE,FALSE,TRUE,TRUE,FALSE,TRUE,TRUE,FALSE,FALSE,FALSE,FALSE,TRUE,symptom_level; category_level,32; 90,FALSE,TRUE,mono_coded,TRUE,TRUE,bottom_up,none,TRUE,1,FALSE,FALSE,FALSE,TRUE,r,TRUE,1,FALSE,FALSE,FALSE,FALSE,TRUE,0.072,FALSE,NA,TRUE,0.132,FALSE,NA,NA,TRUE,weak_overlap,FALSE,TRUE,FALSE,TRUE,main_text
