study_id,matrix,n_scales,domain,overarching_domain,type_of_scale /administration mode,short_scales,short screener scales used (or very short -> less than 6 items),population,scale_search,scale_search_notes (did at least some form of manual search),database,prisma_a,prisma,inclusion_criteria_applicable,inclusion_binary,inclusion_criteria_notes,clinical_relevance,clinical_relevance_notes,language_mentioned,language,availability_mentioned,availability (free),release_date_mentioned,release date/age,frequency,frequency_notes,min_scale_citation,min_scale_citation_notes,exclusion_criteria,exclusion_criteria_notes,Item unit (symptom-level vs domain/facet),within_scale_item_collapse,within_scale_item_collapse_notes,compound_items,compound_items_notes,idiosyncratic_items,idiosyncracity,reverse_worded_items,reverse_worded_items_notes,categorization_approach,diagnostic_framework,coding_team_reported,initial_coding_team_size,coding_team_size_notes,rater_expertise,blinded,blinded_notes,codebook,codebook_notes,software_mentioned,software_used,item_exclusions,item_exclusions_notes,n_rater,IRR_reported,IRR_reported_nr,preregistered_rules,preregistered_rules_notes,coding_scheme_independent_mentioned,coding_scheme_independent,disagreement resolved,mean_overlap,mean_overlap_nr,min_overlap,min_overlap_nr,max_overlap,max_overlap_nr,length_correlation_noted,correlation_lengthxmeanoverlap,interpretation,matrix_source,special notes,,,,,notes,
Kook2024,TRUE,7,Anxiety,clinical diagnosis,self-report,FALSE,no,children,TRUE,vibes + expert recommendation,Google Scholar,TRUE,FALSE,TRUE,TRUE,mentioned,FALSE,rated by clinicians,TRUE,english,FALSE,not mentioned,FALSE,not mentioned,TRUE,mentioned,TRUE,30,TRUE,"mentioned, clinician rated, low citation count, items too specific, adaptation of already selected measure, subsection of age measured",symptom categories from individual symptom codes for 1 approach,FALSE,no,TRUE,dual-coded,TRUE,,FALSE,not mentioned,"both, 2 approaches, bottom-up and top-down",DSM-5,TRUE,2,2 (3 for uncertainties and a 4th for extreme cases),researcher plus one external guy who already did a similar study,FALSE,not mentioned,TRUE,yes,TRUE,R,FALSE,"mentioned, none",2,TRUE,0.76 (but only for Top-Down  approach),FALSE,no,TRUE,"yes, mentioned",consulted expert,TRUE,0.28,TRUE,0.14,TRUE,0.5,FALSE,not mentioned,"""Results of this study suggest that there is a weak mean overlap among common measures"", ""they may be measuring inherently different facets of anxiety"", ""examine before choosing a scale and do not use these measures interchangeably or interpret them interchangeably""",main text,,,,,,Excluded parent-report and over-specific/adapted measures; expert-reviewed scale inclusion,
Vilar2022,TRUE,18,Depression,clinical diagnosis,self-report,FALSE,no (only long form screener),children and adolescents,TRUE,"vibes (commonly used or cited questionnaires, inclusion in reviews, guidelines, google search)","PubMed, PsychINFO",TRUE,FALSE,TRUE,TRUE,"developed for unipolar depression, for ages 7-17",TRUE,"yes, selectd base on clinical use/recommendation",TRUE,english,FALSE,not mentioned,FALSE,not mentioned,TRUE,"mentioned (widely used, recommended in clinical practice, reviews etc)",FALSE,not reported,TRUE,"mentioned, developmentally inappropriate scales, generic scales, alternate form of original measure",symptom level and domain level,TRUE,yes,TRUE,"multi-coded (specific vs compound symptoms, all compounds were marked in seperate categories) ",FALSE,,FALSE,not mentioned,"top-down (based on DSM-5 criteria, readability metrics and diagnostic time frame)",DSM-5,TRUE,2,"2 initial coders, +1 for disagreement resolution",senior researcher,FALSE,not mentioned,FALSE,"no, only descriptions in text",FALSE,not mentioned,TRUE,"yes, if items mentioned 3 different symptom types, it was considered low quality and excluded",3,TRUE,"0.86 for symptom types, several cohens kappas between 0.9 and 0.4 for domains",FALSE,no,TRUE,"yes, mentioned","yes, through consensus with third reviewer",TRUE,0.3,TRUE,0.05,TRUE,0.59,TRUE,"mentioned, positive correlation (0.58) between mean jaccard coefficient and scale length","""Our results show substantial differences among questionnaires when exploring symptoms"",""inter-scale content overlap was low""",main text,,,,,,"the reported 2 jaccard indices, one for individual symptom overlap and one for symptom domain overlap",
Chrobak2018,TRUE,7,Hypomania,clinical syndrome,self-report and clinician-rated (mixed),TRUE,yes (MDQ),adults,TRUE,"vibes (literature frequency, inclusion in reviews and analysis, expert exclusion decisions)",PubMed,TRUE,FALSE,TRUE,TRUE,"citation count, frequency in lit, inclusion in reviews",TRUE,yes  ,TRUE,english,FALSE,not mentioned,FALSE,not mentioned,TRUE,"mentioned (used citation count, frequency in PubMed, inclusion in reviews)",FALSE,not reported but implied,TRUE,only specific to disorder,symptom level  ,FALSE,no,TRUE,dual-coded,TRUE,,TRUE,collapsed (1 item in HCL32),bottom-up (but they also how many items from each scale corresponded to the DSM-5 criterions),DSM-5,FALSE,NA,not reported (likely 2-3 authors),inferred from affiliations all psychiatrists/clinicians,FALSE,not mentioned,FALSE,no  ,TRUE,R,FALSE,none,not reported,FALSE,not reported,FALSE,no,FALSE,not mentioned,not discussed,TRUE,0.35,TRUE,0.2,TRUE,0.65,TRUE,"mentioned, correlation 0.65. indicates that longer scales overlap more with others and feature more representative content""","""using (hypo)manic scales as interchangeable measurements is problematic and may pose a threat to the generalizability and replicability of bipolar disorder research."" ",main text,,,,,,,
Visontay2019,TRUE,7,Obsessive Compulsive Disorder,clinical diagnosis,self-report,TRUE,yes (the SOCS),children and adolescents,TRUE,"previous systematic review, expanded via systematic search)","Medline, PsycINFO",TRUE,FALSE,TRUE,TRUE,"mentioned (self report format, free availability, validated for youth etc)",TRUE,yes,TRUE,english,TRUE,mentioned (had to be freely availabe),FALSE,not mentioned,FALSE,not mentioned,FALSE,not reported,FALSE,not specified,symptom level,TRUE,yes,TRUE,"multi-coded (if a compound item was not contained in another scale, it was expanded into two seperate items)",TRUE,,FALSE,not mentioned,bottom-up,DSM-5 counted amount of DSM-5 core symptoms covered per scale,FALSE,NA,not reported ,not specified,FALSE,not mentioned,FALSE,no,TRUE,R,TRUE,"yes, items on impairment and distress were excluded",not reported,FALSE,not reported,FALSE,no,FALSE,not mentioned,not discussed,TRUE,0.39,TRUE,0.18,TRUE,0.6,TRUE,"mentioned, correlation between number of symptoms captured and mean overlap was -.09, so scale length did not determine the extend of scale overlap.","""Given the considerable heterogeneity demonstrated, it is clear that scales cannot be used  interchangeably, and comparisons of results obtained from different instruments must be made  with caution""",main text,,,,,,"Separate Jaccard matrices for obsessions and compulsions. Very weak overlap for obsession (mean 0.14, weak for compulsion mean .39. Conservative collapsing to minimize heterogeneity.",
Hendriks2020,TRUE,3,Childhood aggressive behaviors,transdiagnostic symptom,parent-report,TRUE,yes,children,FALSE,vibes (they compared the Subscales that the participants from a twin register filled out),Netherland Population Registry,FALSE,NA,FALSE,NA,not applicable because they analyzed a general population sample,NA,NA,NA,probably dutch,NA,not applicable,NA,not applicable,NA,not applicable,NA,not applicable,NA,not applicable,symptom level,TRUE,yes,FALSE,not discussed,FALSE,,FALSE,not mentioned,bottom-up,DSM-IV,FALSE,NA,not reported,unclear,FALSE,not mentioned,FALSE,no,TRUE,R,FALSE,not mentioned,not reported,FALSE,not reported,FALSE,no,FALSE,not mentioned,not mentioned,FALSE ,NA,TRUE,0,TRUE,0.5,FALSE,not mentioned,"""This indicated that based on their content, different AGG measures cannot be used interchangeably.""",main text,,,,,,,
Castro2023,TRUE,6,Aphasia,clinical diagnosis,observer-report,FALSE,no,adults,FALSE,vibes (they chose several tests according to different epistemologies),not reported,FALSE,NA,FALSE,NA,not mentioned,NA,not applicable,NA,english,NA,not mentioned,NA,not reported,NA,not reported,NA,not reported,NA,"not methodological exclusion, they only wanted aquired aphasia and not neurodegenerative conditions",symptom level,TRUE,yes,FALSE,not discussed,TRUE,,FALSE,not mentioned,bottom-up (they relied heavily on the clinician promts from the test manuals),none,TRUE,1,1 (+1 for inter rater reliability assessment),authors,FALSE,not mentioned,FALSE,no (they do not provide protocol instructions because of copyright),TRUE,no analysis code used,FALSE,none,2,TRUE,noted (the second reviewer only found n = 5 discrepancies... So( 81 items/76 correct)x100 = 93.8)...but they then resolved the discrepancies somehow),FALSE,"mentioned but didn't do it (""no part of the study procedure was pre-registered prior to the research being conducted"")",TRUE,"yes, mentioned ""SAA performed an independent assessment of the labels""",the 2 worked together to resolve all discrepancies,FALSE ,NA,TRUE,0.169,TRUE,0.476,TRUE,"mentioned, but only in passing: the lowest score was also the test with the smallest number of items.","""the results suggest that aphasia tests are inconsistent in what test targets they include, even though they assess similar domains and the same construct of aphasia.""",main text,,,,,,,
Backhaus2022a + b,TRUE,25,child maltreatment + harsh parenting,transdiagnostic symptom,parent-(self)report,TRUE,yes,children and adolescents and their caregivers,TRUE,systematic review and consulting experts (22),"CINAHL, Embase, ERIC, PsycINFO, PubMed, and Sociological Abstracts",TRUE,TRUE,TRUE,TRUE,mentioned (the instruments had to be specific to measuring emotional and physical harmful parenting behaviours),TRUE,"yes, consulted with 22 researchers that have published in the field and added scales based on their recommendations",TRUE,english (but instruments were sourced in multiple languages),TRUE,mentioned (had to be freely availabe),TRUE,mentioned (in 1990s) but not as a criteria to include or exclude,FALSE,not mentioned,FALSE,not reported,TRUE,"several topic specific ones, like no clear item structure, unavailable scales, too specific focus, not parent-self-report. They listed the excluded study in appendix",symptom level but also overarching categories,FALSE,no,TRUE,multi-coded (item that contains multiple categories is counted in each category),FALSE,,FALSE,not mentioned,"top-down for category and bottom-up for subcategories (based on parenting constructs, not DSM)",WHO definition,FALSE,NA,not reported (several),researcher in the field,FALSE,not mentioned,TRUE,yes ,TRUE,R,TRUE,"yes, excluded items that didn't specifically reflect harmful parenting or lacked clarity",not reported,FALSE,not reported,FALSE,no,FALSE,not mentioned,not discussed,TRUE,0.35 and 0.42 respectively,TRUE,0,TRUE,1,TRUE,"mentioned, but no correlation: Comparing a shorter harsh parenting instrument to a longer maltreatment instrument yields less shared behavior content.","""ranged from 0 to 100% indicating that some instruments could be used interchangeably, whereas other instruments measured completely different behaviors""",supplement,7 + 18 scales,,,,,"Jaccard indices computed for physical, emotional, and combined behavior sets; item-level thematic coding...they also took quite some liberty to exclude testitems",
Ong2023,TRUE,9,Psychological Flexibility,transdiagnostic symptom,self-report,TRUE,yes,adults and youths,TRUE,vibes (from ACT websites and a review),none used,TRUE,TRUE,TRUE,TRUE,"validated and accessible in english, peer reviewed validation",FALSE,"somewhat, sourced the scale from the association for contextual behavioral science",TRUE,english,FALSE,not mentioned,FALSE,not mentioned,FALSE,not mentioned,FALSE,not mentioned,TRUE,"mentioned, scales that were too specific were excluded",symptom/content- level,FALSE,no,FALSE,not mentioned,TRUE,,FALSE,not mentioned,bottom-up / iterative coding,ACT framework,TRUE,3,3 (+1 independent coder for IRR),not specified but ACT researchers in the field,FALSE,not mentioned,TRUE,final item categories documented,TRUE,R,FALSE,none,1,TRUE,0.788 cohens d,FALSE,mentioned but did't preregister,TRUE,"yes, mentioned ""independently assigned a category for each item""",through iterative discussion and consensus,TRUE,0.13,TRUE,0.06,TRUE,0.47,FALSE,not mentioned,"""our results showed very weak overlap across the nine measures"", ""illustrating the muddy definition of psychological flexibility in the literature"", ""it may be ill-advised to combine findings from different scales  (e.g., in a meta-analysis), as doing so would be like comparing apples to oranges—or more  precisely, calling an orange an apple""",main text,,,,,,,not prereg
Martin2022,TRUE,4,Fear of Childbirth,transdiagnostic symptom,self-report,TRUE,yes,adults,FALSE,based on expert-reviewed literature,none used,FALSE,NA,FALSE,NA,not mentioned (the scales were selected from a different paper),NA,discussed extensively,NA,english,NA,not mentioned,NA,not mentioned,NA,not mentioned,NA,not mentioned,NA,not mentioned ,item-level,FALSE,no,TRUE,high vs moderate overlap noted,TRUE,,FALSE,not mentioned,bottom-up,none,TRUE,7,"7 (7 unique content analysis, 4 by experts)","4 experts, 3 non experts",FALSE,not mentioned,FALSE,no,TRUE,R,FALSE,none,7,TRUE,reported a fleiss' kappa for IRR acrss the 7 raters for each combination of responses,FALSE,not mentioned,TRUE,"yes, mentioned",consensus via model values across raters,TRUE,0.247,TRUE,0.059,TRUE,0.469,FALSE,not mentioned,"""The weak level of overlap between measures is highly indicative  that the tools are not interchangeable, thus confirming a significant inherent source of  error if comparisons are made between studies based on different FoC measures""",main text,,,,,,,
Peipert2022,TRUE,10,Quality of Life,transdiagnostic symptom,self-report,TRUE,yes,adults (depressed),FALSE,from meta analysis,none used,FALSE,NA,FALSE,NA,not applicable because they took the 10 scales from a recent meta analysis,NA,"not mentioned, recent and often cited meta-analysis)",NA,english,NA,not applicable,NA,not applicable,NA,not applicable,NA,not applicable,NA,mentioned (disease specific QOL measures),item/symptom-level and also a very specific method based on word-stems,FALSE,no,FALSE,not mentioned,TRUE,,FALSE,not mentioned,"bottom-up (2 approaches, 1 lenient and one strict with exact word matches)",none,TRUE,2,2,authors,FALSE,not mentioned,FALSE,no,TRUE,R,FALSE,none,2,FALSE,not reported,FALSE,no,TRUE,"yes, mentioned",consensus between coders,TRUE,0.138,TRUE,0,TRUE,0.476,FALSE,not mentioned,"""Both quantitative approaches yielded very weak average  levels of item overlap"", ""findings suggest that QOL measures vary in their item content to the extent that  most of the item content (56-66%) was specific to one particular measure. These findings are  consistent with literature that has pointed to the heterogeneity across definitions and models of  QOL [1]",main text,"they used 2 approaches and made 2 seperate Jis...for second approach average was 0.07, min.0, max 0.4",,,,,"very weak overlap, 56% of items idiosyncratic",
Chrobak2021,TRUE,7,Neurological soft signs,transdiagnostic symptom,clinician-rated,FALSE,no,adults,TRUE,systematic review,Medline ,TRUE,TRUE,TRUE,TRUE,"mentioned, english, original studies",FALSE,top 7 measures implemented in NSS studies,TRUE,english,FALSE,not mentioned,FALSE,not mentioned,TRUE,"mentioned, the most frequently cited measures were selected",FALSE,not reported,TRUE,"non-english, reviews, case reports ",symptom-level,TRUE,yes,TRUE,"mono-coded, discussed and collapsed specific vs compound items",TRUE,,FALSE,not mentioned,bottom-up (item-by-item-coding),none,FALSE,NA,"unclear, probably 4? (""we categorized""",unclear,FALSE,not mentioned,FALSE,no,TRUE,R,FALSE,none,not reported,FALSE,not reported,FALSE,no,FALSE,not mentioned,not reported,TRUE,0.27,TRUE,0.1,TRUE,0.5,TRUE,"mentioned, only weak correlation, 0.21, length of scale only weakly associated with higher overlap",,main text,,,,,,"Only 3 items (stereognosis, graphesthesia, extinction test) present in all 7 scales; 36% of symptoms unique to a single scale.",
Charvet2022,TRUE,10,Mental Pain,transdiagnostic symptom,self-report,TRUE,"yes, one scale only 3 items, shortened version of 13)",adults,TRUE,systematic review,"PubMed, EMBASE, PsycInfo",TRUE,TRUE,TRUE,TRUE,"used in peer-reviewed published studies, mentioned name of measures, ",FALSE,peer-reviewed studies only,TRUE,english,FALSE,not mentioned,TRUE,"mentioned, was not an exclusion criteria",FALSE,not mentioned,FALSE,no min citation (as low as 2 for several scales),TRUE,"mentioned (other context than clinical or practice, only subscales, not involving humans)",symptom-level and semantic approach,TRUE,"yes, the merged the domains within scales",TRUE,"multi-coded, ""some scale items were placed in multiple domains simultaneously""",FALSE,,TRUE,collapsed  ,bottom-up,none,TRUE,3,3(2 researchers and 1 patient with lived experience),"varied, professional and patient with lived experience)",FALSE,not mentioned,TRUE,"yes, COSMIN based ",FALSE,not mentioned,FALSE,not mentioned,3,FALSE,not reported,TRUE,"yes, Zenodo (4603560) and PROSPERO (CRD42021242679).",FALSE,not mentioned,by consensus,FALSE ,NA,TRUE,0,TRUE,0.5,FALSE,not mentioned,"""the 10 measures identified vary substantially in their theoretical frameworks, definitions of mental pain, semantics and content (poor content overlap and weak to very weak similarity). This heterogeneity might well be a limitation in comparing...""",main text,,,,,,,
Ribotta2021,TRUE,26,Romantic relationship quality,Interpersonal Processes,self-report,TRUE,yes,adults,TRUE,systematic review,"Scopus, WoS, PsychInfo, PsycArticles",TRUE,TRUE,TRUE,TRUE,"mentioned (self report, measuring romantic relation quality, aimed at couples no matter the sexual orientation or age)",FALSE,not mentioned ,TRUE,english or french,FALSE,not mentioned,FALSE,not mentioned,FALSE,not mentioned,FALSE,not reported,TRUE,"mentioned (not in english or french, intent not specified, not for couples and more...all reasoning for inclusion and exclusion can be found on OSF)",thematic categories,FALSE,no (not necessary as they were working with broader categories),TRUE,multi-coded  (some items placed under multiple categories),TRUE,,FALSE,not mentioned,bottom-up,none,TRUE,1,1 initial coder (then 3 more to crosscheck),researchers,FALSE,not mentioned,TRUE,yes (OSF link provided),TRUE,R,TRUE,yes,3,TRUE,"64.9% full agreement, 16.7% partial agreement, 18.4% no agreement",FALSE,no,FALSE,not mentioned,consensus,TRUE,0.39,TRUE,0,TRUE,1,TRUE,"mentioned, correlation of 0.65, the more items, the more representative the scale was of the overall population of items","""overlap of item content was weak, indicating that the categories captured by the scales were  relatively heterogeneous"", ""current state of heterogeneity across scales raises the concern as to whether these scales even  measure the same construct and how one can compare findings from one research project to the  next.""",main text,,,,,,,
Skogestad2019,TRUE,11,Post-Stroke fatigue,transdiagnostic symptom,self-report,TRUE,yes,adults,TRUE,systematic review and additional selections,"Medline, EMBASE, Cinahl, PsycInfo",TRUE,TRUE,TRUE,TRUE,mentioned (but only criteria was if they were used in more than 5 studies),FALSE,probably but not mentioned,FALSE,"english, norwegian, danish, swedish",FALSE,not mentioned,TRUE,"mentioned, no limitation",TRUE,"mentioned, only most frequently used",TRUE,5,TRUE,"mentioned (lack of primary data, conference abstracts etc)",item-level (with later groupings),FALSE,not mentioned,FALSE,not mentioned,FALSE,,FALSE,not mentioned,"bottom-up (and iterative, back and forth)",none,TRUE,2,2 (and then group discussions for consensus,researchers,FALSE,not mentioned,FALSE,no,FALSE,not mentioned,FALSE,none,2 (but discussed in research group until agreement was reached),FALSE,not reported,FALSE,no,TRUE,"yes, mentioned",group discussion,FALSE ,NA,TRUE,0,TRUE,0.333,FALSE,not mentioned,"""the wide variety of PROMs and dimensions used to assess PSF demonstrates lack of consensus regarding what needs to be assessed when diagnosing and measuring fatigue in stroke populations. Studies on PSF should report why they used a particular fatigue PROM, and what dimension of fatigue they intended to measure""",main text,,,,,,,
Christensen2024,TRUE,6,Eating disorder pathology,clinical diagnosis,self-report,TRUE,yes,adults,TRUE,"vibes (own criteria, prior reviews, citation counts, frequency of use)",not reported,TRUE,FALSE,TRUE,TRUE,"mentioned (frequency, appearence in reviews, citation count)",TRUE,"yes, frequency of use in various research fields",FALSE,english,TRUE,"mentioned, inclusion criteria",FALSE,not mentioned,TRUE,"mentioned, important selection factor",FALSE,not reported,FALSE,not mentioned but inverse of inclusion,symptom-level,TRUE,yes,TRUE,multi-coded,TRUE,,FALSE,not mentioned,bottom-up,DSM-5,TRUE,2,2,ED assessment experts,FALSE,not mentioned,TRUE,yes on OSF,TRUE,R,TRUE,"yes, demographic questions not included in analysis (but weight and height was due to the topic)",not reported,FALSE,not reported,FALSE,mentioned but no,FALSE,not mentioned,not discussed,TRUE,0.195,TRUE,0.083,TRUE,0.382,FALSE,not mentioned,"""does not necessarily  indicate an issue in the way ED pathology is assessed in any measure. Rather, it raises the question of which aspects of ED pathology are being assessed."", ""Nevertheless, low item overlap suggests that scales are not interchangeable on the symptom level. Instead, results suggest that ED measures should be carefully selected based on research or clinical goals""",main text,,,,,,,
Black2023 (no JM yet),FALSE,22,General mental health,transdiagnostic symptom,self-report,TRUE,yes,adolescents,TRUE,systematic search of systematic reviews,"PsycInfo, Medline, EMBASE, Cosmin, WoS, GoogleScholar",TRUE,TRUE,TRUE,TRUE,mentioned (but only in supplements available on OSF),FALSE,not mentioned,FALSE,english,FALSE,not mentioned,FALSE,not mentioned,FALSE,not mentioned,FALSE,not reported,TRUE,"too specific (not general mental health and only anxiety, unavailable item set, cosmin scale",symptom-level (and subgrouped into 9 domains),TRUE,yes,TRUE,multi-coded,TRUE,,FALSE,not mentioned,"bottom-up (but not entirely conductive ...""hybrid"" approach)",none,TRUE,1,"1 for initial coding, then 2 more for review",not mentioned,FALSE,"mentioned, ""not possible because the measures titles could give this away""",TRUE,"yes, on OSF",TRUE,R,FALSE,not mentioned,not reported,FALSE,not reported,FALSE,not mentioned,FALSE,not mentioned,trough discussion,TRUE,0.23,TRUE,0,TRUE,1,FALSE,not mentioned,"findings ""suggest poor conceptualisation, with domains not clearly defined"", ""critical interrogation of existing findings is needed, and that progress may be limited  by the measurement landscape.  We recommend that where assessment of GMH is the goal,  new measures be developed, or existing ones revised""",main text (but not full numbers..),,,,,,weird case because the individual scale-overlaps are only available with placeholder colors and not the actual numbers.,
Karhulahti2023,FALSE,17,Internet gaming disorder,clinical diagnosis,self-report,TRUE,yes,adolescents and adults,TRUE,from systematic review + additional database search,not specified,TRUE,FALSE,FALSE,FALSE,"on the edge, not specifically mentioned, described the scales they included, but gave no specific inclusion or exclusion criteria",FALSE,not mentioned,TRUE,english,FALSE,not mentioned,FALSE,not mentioned,FALSE,not mentioned,FALSE,not reported,TRUE,mentioned that instruments not specifically claiming to measure DSM5/ICD10 criteria were excluded,criterion-level (from DSM5/ICD-10),FALSE,not mentioned,FALSE,"not handled like usually, items can cover multiple criterion-components and are rated by how many components they include",FALSE,,FALSE,not mentioned,top-down,DSM-5 and ICD-11,TRUE,3,3 authors assessed items seperately,not mentioned,FALSE,not mentioned,TRUE,"yes, on OSF",FALSE,not mentioned,FALSE,none,3,TRUE,0.8 ICC (intraclass correlation coefficient),FALSE,not mentioned,TRUE,"yes, mentioned",discussion until consensus,FALSE,NA,FALSE,NA,FALSE,NA,FALSE,no,"""the field operates with a great range of heterogeneous and inconsistent survey instruments.""",no matrix,,,,,,"they made a qualitative content validity analysis, results are presented as a concordance grid (criterion x scale coverage)",
Bunaciu2024,FALSE,10,Recovery capital,transdiagnostic symptom,self-report,FALSE,no,adults,TRUE,systematic review and first 200 hits on google scholar,"ProQuest, PubMed, WoS, google scholar",TRUE,TRUE,TRUE,TRUE,"mentioned (english, quantitative study explicitly stating that recovery capital was measured)",FALSE,not mentioned,TRUE,english,FALSE,not mentioned,FALSE,not mentioned,TRUE,mentioned but not as criteria,FALSE,not reported,FALSE,not mentioned,domain-level,FALSE,no,FALSE,not mentioned,FALSE,,FALSE,not mentioned,bottom-up (all items were reviewed to identify the underlying constructs),"to some extend the ""recovery capital theory"" by cloud and granfield 1999)",TRUE,1,1 (after 2 authors developed a REDCap tool to systemically code),not mentioned,FALSE,not mentioned,FALSE,not available,TRUE,R,FALSE,not mentioned,not reported,TRUE,only partly (for REDCap tool 97% agreement for a single test),FALSE,no,FALSE,not mentioned,not mentioned,FALSE ,NA,FALSE ,NA,FALSE,NA,FALSE,not mentioned,"""several key constructs were consistently measured across the ten questionnaires, while others were less so"" ""We recommend that any new RC questionnaire development study should ensure that the item development and scale development phases (phases one and two of the three main phases presented by Boateng et al. 2018) are comprehensively conducted and reported in detail""",main text (but not in numbers...had to calculate manually),,,,,,jaccard manually calculated,
Linton2016,FALSE,99,Well-being,transdiagnostic symptom,self-report,TRUE,yes,adults,TRUE,systematic review,"PubMed, PsycINFO, Scopus, WoS",TRUE,TRUE,TRUE,TRUE,"mentioned (english, designed for general use, adults)",FALSE,not mentioned,TRUE,english (also translated versions),FALSE,not mentioned,TRUE,mentioned (last 20 years),FALSE,not mentioned,FALSE,not reported,TRUE,"mentioned (disease specific, context specific, designed for non-adults) ",dimensions/domain-level,FALSE,not applicable,FALSE,not applicable,FALSE,,FALSE,not mentioned,thematic grouping,none,TRUE,2,2 (+1 for insecurities),"mentioned, academics in psych, economics, and medicine - to minimise disciplinary biases",FALSE,not mentioned,FALSE,no,FALSE,not mentioned,FALSE,not mentioned,2,FALSE,not reported,FALSE,no,FALSE,not mentioned,discussion with third author,FALSE ,NA,FALSE ,NA,FALSE,NA,FALSE,not mentioned,"""we reiterate that the most appropriate measure of well-being will depend on the dimensions of well-being of most interest, in coordination with psychometric guidance."" ",no standard matrix ,,,,,,probably not usable with this many scales to compare...,
Gauld2023,TRUE,12,Sleep disorder,clinical diagnosis,self-report,TRUE,yes,adults,TRUE,systematic review (from someone else) plus update and expert consultation,Google Scholar,TRUE,FALSE,TRUE,FALSE,not mentioned,FALSE,not mentioned,FALSE,not mentioned,FALSE,not mentioned,FALSE,not mentioned,TRUE,mentioned (for the 4 additional papers that weren't in the systematic review they used citation count on WoS),FALSE,not reported,FALSE,not mentioned,symptom-level,FALSE,no,TRUE,multi-coded (separate value in coding for compound items),TRUE,,TRUE,"mentioned, collapsed",top-down (but with additional categories wherever needed) they also did a network analysis in a previous paper and used that for the categories,ICSD-3 and DSM-5,TRUE,6,6,"mentioned, different levels of expertise to ""avoid value laden choices"", sleep experts and medical students",TRUE,"yes, doubleblind",TRUE,yes,TRUE,Phyton,TRUE,"mentioned, items related to sociodemographic data, lifestyle and contextual elements were excluded",6,FALSE,not reported,FALSE,no,TRUE,"yes, mentioned, doubleblind",cross referenced with sleep experts,TRUE,0.44,TRUE,0.3,TRUE,0.75,TRUE,"mentioned, correlation of 0.645 between number of items and average overlap","""we found that the overlap between the sleep symptoms extracted from the self-reported multiple sleep disorder screening questionnaires for adult populations was moderate."",""One explanation could be that each questionnaire explores a different number of main sleep disorder categories, from 3 to 6, as discussed by Klingman et al. 2017 [22]. Not exploring the same set of main sleep disorder categories can lead to a different set of sleep symptoms between questionnaires, thus reducing the mean overlap content.""",main text,,,,,,,
Fried2017,TRUE,7,Major depression disorder,clinical diagnosis,self-report and clinician-rated (mixed),FALSE,no,adults,TRUE,"vibes (citation frequency, prior reviews)",not specified,TRUE,FALSE,TRUE,TRUE,"mentioned but vague (frequency in literature, inclusion in recent reviews/studies, citation count)",FALSE,not mentioned ,FALSE,not mentioned,FALSE,not mentioned,FALSE,not mentioned,TRUE,mentioned but not specified,FALSE,not reported,FALSE,not mentioned,symptom-level,TRUE,yes,TRUE,multi-coded,TRUE,,TRUE,"mentioned, grouped together with positive items but not excluded",bottom-up,vaguely DSM-5,TRUE,1,1,researcher,FALSE,not mentioned,FALSE,no,TRUE,R,FALSE,not mentioned,1,FALSE,not reported,FALSE,no,FALSE,not mentioned,not mentioned,TRUE,0.36,TRUE,0.26,TRUE,0.61,TRUE,"mentioned, correlation of 0.57 for the length of scale and the mean overlap","""These findings imply that the routine practice of using scales as interchangeable measurements of depression severity is problematic and may pose a major threat to the generalizability and replicability of depression research"", ""Since different instruments capture different aspects of the heterogeneous depressive syndrome, there is the risk that the selection of a particular scale for a study may severely bias results""",main text,,,,,,,
Bernardin2023,TRUE,14,Clinical High Risk (CHR) for psychosis,transdiagnostic symptom,"self-report, 1 parent report and 1 checklist interview",TRUE,yes,"children, adolescents and adults",TRUE,"empirical selection from previous systematic reviews, and added 3 more scales not covered in reviews",not specified,TRUE,FALSE,TRUE,FALSE,not mentioned,FALSE,not mentioned,FALSE,not mentioned,FALSE,not mentioned,FALSE,not mentioned,FALSE,not mentioned,FALSE,not reported,FALSE,not mentioned,symptom-level and overarching categories,TRUE,yes,TRUE,multi-coded,TRUE,,FALSE,not mentioned,top-down (all symptoms had to match one or more symptoms measured by the SIPS),SIPS (Structured Interview for Prodromal Syndromes),TRUE,2,2 (+1 expert for insecurities),"mentioned, expert psychologist or psychiatrist working in the field",FALSE,not mentioned,TRUE,yes,TRUE,Phyton,TRUE,"mentioned, some specific items that were irrelevant for CHR symptom qualification",not reported,FALSE,not reported,FALSE,no,TRUE,"yes, mentioned ""2 experts independently processed symptom extraction""","mentioned, discrepancies resolved by consulting third researcher",TRUE,0.194,FALSE ,NA,TRUE,0.5,TRUE,"mentioned, correlation of 0.597 between jaccard index and total number of symptoms","""important finding of our study is that, according to our hypothesis, the overlap between the CHR extracted from the questionnaires was weak, as indicated by a small Jaccard index."", ""This heterogeneity can largely explain the weak overlap and the number of idiosyncratic symptoms. This suggests that CHR screening questionnaires evaluate the same broad CHR construct, but have different scopes within that construct, and may be more or less comprehensive than one another."" ""Caution is warranted in the use of these screening questionnaires interchangeably because they might capture heterogeneous populations in terms of CHR symptom course and presentation. Clinicians and researchers should be mindful of the specific  features of each instrument for optimal CHR screening""",main text,,,,,,,
Koppold2023a+b,TRUE,22,Early Childhood Adversity,transdiagnostic symptom,self-report and caregiver-report,TRUE,yes,"children, adolescents and adults",TRUE,selection from several previous systematic reviews,"eProvide, open literature",TRUE,FALSE,TRUE,TRUE,mentioned (only self-report and caregiver-report format were included),FALSE,not mentioned,FALSE,english and german,TRUE,mentioned but not a criteria,TRUE,mentioned but not as a criteria,FALSE,not mentioned,FALSE,not reported,TRUE,"mentioned (official reports, interviews and measures focused on stress were excluded)","symptom-level and overarching categories (in the visualization they distinguished between ""1 item contained"" or ""several items in the scale""",FALSE,no,TRUE,multi-coded,TRUE,,FALSE,not mentioned,somewhat top-down (they identified matching exposure (they relied on the ACE definition by the WHO) types across scales),WHO definition,TRUE,2,2,"not mentioned, researchers",FALSE,not mentioned,FALSE,no,TRUE,R,FALSE,"not mentioned, they didn't exclude the non fitting categories but threw them in a separate category",2,TRUE,0.81,FALSE,no,TRUE,"yes, mentioned","mentioned, ""discussed verbaly until consensus was reached""",TRUE,0.29,TRUE,0.14,TRUE,0.58,TRUE,"mentioned, but they found no significant correlation in their data (no specific number)","""This rather weak overlap among questionnaires indicates that different ACE questionnaires should be compared with caution and may not be used interchangeably as  they may not measure the same underlying construct, although this is often done in practice"",""When aiming to compare study results in the literature, studies using the  same questionnaires should be considered - if available (or questionnaires with an overlap >.40  which is considered moderate)"", ""In addition to heterogeneous content covered in the included questionnaires, we also noted  potentially relevant structural differences that may impact on interpretation and results"", """,main text,"2 approaches (9 + 13), second approach was average of 0.28, min of 0.04 and max 0.67",,,,,,
Wall2022,TRUE,13,Anxiety,clinical syndrome,self-report,FALSE,no,adults,TRUE,"vibes (bit of everything, google scholar searches, picking from systematic reviews, conferring with experts)",google Scholar,TRUE,FALSE,TRUE,TRUE,"mentioned (self report format, english, frequently used within past decade)",TRUE,mentioned (frequently used in past decade),TRUE,"mentioned, english",FALSE,not mentioned,FALSE,not mentioned,TRUE,mentioned (but not specified),TRUE,"""high google scholar citation threshold"" (but not specified)",TRUE,"mentioned (low relevance, clinician measured interview, too specific in construct)",symptom-level,FALSE,no,TRUE,multi-coded,TRUE,,FALSE,not mentioned,bottom-up,DSM-5 (mapped post hoc to assess coverage),TRUE,2,2,"not mentioned, researchers",FALSE,not mentioned,TRUE,"yes, on OSF",TRUE,R,FALSE,no,2,FALSE,argued that they could not report due to the collaborative nature of the symptom generation,FALSE,no,FALSE,not mentioned,"not mentioned, just that the symptom categories were created in collaboration between the authors",FALSE ,NA,FALSE ,NA,FALSE,NA,FALSE,not mentioned,"""The mean overlap of the item content among the scales was weak, indicated by the small Jaccard Index. This means that the symptoms captured by the scales were quite heterogenous."" ""However, measures can be highly correlated with one another and still meaningfully differ in the content they assess. The low content overlap of the scales suggests that they may not be tapping into the same construct or may be measuring different facets of a more general construct.""",main text,,,,,,,
Karstoft2023,TRUE,8,trauma exposure,transdiagnostic symptom,self-report,TRUE,yes,adults,TRUE,"vibes (recommendations by the National Center for PTSD for 6, and 2 more from a search in PubMed and PsycInfo)","PubMed, PsycInfo",TRUE,FALSE,TRUE,TRUE,"mentioned (self report, measures that assess trauma broadly, focus on adults, ",FALSE,not mentioned,FALSE,not mentioned but probably english,FALSE,not mentioned,FALSE,not mentioned,TRUE,"mentioned, aimed to find the most frequently used scales in trauma research",FALSE,not reported,TRUE,"mentioned (measures that only focused on stressful life events and not full trauma exposure, inverse of inclusion criteria)",symptom-level,FALSE,no,TRUE,"seperately coded general questions and specific questions (so if one question was about sexual abuse at any age in one scale and in another there are several questions about sexual abuse in childhood, in teenage years, in adulthood - they had seperate categories but for the jaccard analysis they were considered to overlap)",TRUE,,FALSE,not mentioned,bottom-up,none,TRUE,1,1,"not mentioned, researchers",FALSE,not mentioned,FALSE,no,TRUE,R,FALSE,no,2,FALSE,not reported,FALSE,mentioned but no,FALSE,not mentioned,resolved through discussion,TRUE,0.41,TRUE,0.19,TRUE,0.59,FALSE,not mentioned,"""These results point to a very heterogeneous assessment of trauma exposure"", ""However, an overall message from this study is that the development of one generic, exhaustive measure of trauma exposure that can be applied across all contexts for all purposes is probably neither feasible nor even desirable. As such, it is important to give careful consideration to the purpose of a study and the exhaustiveness of the chosen trauma exposure measure in the context of the study’s intent. Further, uncritical comparisons of studies that apply different measures of trauma exposure should be avoided.""",main text,,,,,,,
Elklit2024,TRUE,6,child violence exposure,transdiagnostic symptom,self-report,FALSE,no,"children, adolescents  ",FALSE,scale selection from the recommendation from a previous review,none used,FALSE,NA,FALSE,NA,NA,NA,NA,NA,NA,NA,NA,NA,NA,NA,NA,NA,NA,NA,not applicable,symptom/event-level and further categorized with event types,FALSE,no,FALSE,not clear how it was handled (they only talk about the problem of an item containing multiple events persisting but not how they handled it),TRUE,,FALSE,not mentioned,bottom-up,none,TRUE,2,2,"not mentioned, researchers",FALSE,not mentioned,TRUE,yes,TRUE,R,FALSE,no,2,FALSE,not reported,FALSE,no,FALSE,not mentioned,not mentioned,TRUE,0.25,TRUE,0.091,TRUE,0.444,FALSE,not mentioned,"""We then studied the overlap among the measures, which was as modest as 25%."",""measures should be culturally adapted and tested before use to see whether they are fit for a specific population. This is certainly warranted; however, there is strong evidence that this procedure is seldom followed. The heterogeneity in definitions and measures impedes progress in research...It also thwarts studies on the consequences of VAC and studies on intermediate factors, because the starting points and the measures of VAC differ from study to study.""",main text,,,,,,,
Lampe2024,TRUE,11,maladaptive exercise,transdiagnostic symptom,self-report,TRUE,yes,not specified,TRUE,"vibes (recent reviews, citation count)",not mentioned,TRUE,FALSE,TRUE,TRUE,"mentioned (frequency in literature, appearance in studies comparing scales, citation count)",FALSE,not mentioned,FALSE,not mentioned (probably english),FALSE,not mentioned,FALSE,not mentioned,TRUE,mentioned but not specified,TRUE,mentioned but not specified,TRUE,"mentioned a single criteria, not including exercises assessing for muscularity",symptom/feature-level,TRUE,yes,FALSE,not mentioned,TRUE,,FALSE,not mentioned,bottom-up,none,TRUE,2,2,"not mentioned, researchers",FALSE,not mentioned,TRUE,yes,TRUE,R,TRUE,"mentioned, some commonly sourced items excluded",6,TRUE,"89.7% (in their own method, if =< 4/6 authors agreed",FALSE,no,TRUE,mentioned,group consensus,TRUE,0.229,TRUE,0.139,TRUE,0.75,FALSE,not mentioned,"""key finding is the overall lack of content overlap among maladaptive exercise scales given the large number of features assessed across scales."",""Results generally suggest that various maladaptive exercise scales cannot be used interchangeably across research and practice settings, and integration and replicability of studies using the variety of measurements of maladaptive exercise that are available may be difficult, if not impossible.""",main text,,,,,,,
Klooster2024,TRUE,5,central pain sensitization,mechanism,self-report,TRUE,yes,adults,TRUE,literature search and based on systematic review,NA,TRUE,FALSE,TRUE,FALSE,not specifically mentioned other than they selected a diverse set of frequently used or typical scales,FALSE,not mentioned,FALSE ,not mentioned,FALSE,not mentioned,FALSE,not mentioned,TRUE,mentioned but no specific number,FALSE,not specified,FALSE,"not mentioned, but they also said that they didn't aim for an exhaustive list",symptom-level,TRUE,yes,FALSE,not mentioned,TRUE,,FALSE,not mentioned,bottom-up,"guideline, IASP",TRUE,2,2 (+1 to harmonize),not mentioned,TRUE,mentioned ,FALSE,no,TRUE,R,FALSE,not mentioned,3,FALSE,not reported,FALSE,no,TRUE,"mentioned, item extraction done by 2 blinded researchers independently",group consensus,TRUE,0.11,TRUE,0,TRUE,0.43,FALSE,not mentioned,"""In conclusion, currently used self-report measures of CS in rheumatology show high heterogeneity and remarkably limited overlap in the symptoms they measure."", ""it is very well possible that the results of these studies are specific to the particular instrument—and thus approach of CS—used. This would limit the generalizability and comparability of study findings in rheumatology"" ",main text,,,,,,,
Vial2019,FALSE,7,child safety,risk detection,structured-interview,FALSE,no,children and adults/caregivers,TRUE,sytematic review,"PsycInfo, PubMed, Sociological Abstracts, WoS, ScienceDirect, ERIC, Google Scholar",TRUE,TRUE,TRUE,TRUE,"developed for child welfare setting, only instruments that included a section assessing a child safety decision, developed for western countries, ",FALSE,"not mentioned specifically, but they went to great lengths, asking all agencies, authors etc",FALSE,english,TRUE,"mentioned, 10 instruments excluded because they couldn't get access to the full measure",TRUE,"mentioned, didn't matter",FALSE,not mentioned,FALSE,not mentioned,TRUE,"mentioned, instruments developed for hospital setting, instruments that helped to build a safety plan, developed for non-western countries",symptom-level,FALSE,no,TRUE,multi-coded,TRUE,,FALSE,not mentioned,bottom-up,none,TRUE,1,1 (+3 supervision),"mentioned, senior researchers",FALSE,not mentioned,FALSE,no,FALSE,not mentioned,TRUE,"mentioned, only safety-specific items retained",4,FALSE,not reported,FALSE,no,FALSE,"single author extracted, under supervision, not independently",discussion until group consensus,FALSE,NA,FALSE,NA,FALSE,NA,FALSE,not applicable as they did no overlap comparisons,"""results revealed that a wide variety of immediate child safety threats are measured in these instruments, as we identified a total of 53 safety threats. Although approximately half of the threats are only assessed in a single instrument"", ""different safety assessment instruments may be presented to participants after which they could be asked to indicate whether each aspect measured in the instrument is relevant""",no matrix,,,,,,,
Deericks2025,FALSE,9,PTSD,clinical diagnosis,youth-report and parent-report,TRUE,yes,children,FALSE,based on systematic review,NA,FALSE,NA,FALSE,NA,NA,NA,NA,NA,NA,NA,mentioned,NA,NA,NA,NA,NA,NA,FALSE,not mentioned,symptom-level,FALSE,NA,FALSE,not mentioned,FALSE,,FALSE,not mentioned,bottom-up,ICD-11,FALSE,NA,NA,not mentioned,FALSE,not mentioned,FALSE,no,TRUE,R,FALSE,not mentioned,NA,FALSE,not reported,FALSE,no,FALSE,not mentioned,not mentioned,TRUE,0.42,TRUE,0.17,TRUE,0.85,FALSE,not mentioned,"only moderate overlap, consistent with other studies, variable diagnostic of current diagnostic criteria",no matrix,,,,,,,
Gauld2024,TRUE,11,obstructive sleep apnea,clinical diagnosis,self-report,TRUE,yes,adults,TRUE,"based on a recent systematic review 8 scales selected, but then with a search on PubMed they added 3 more",PubMed,TRUE,FALSE,TRUE,TRUE,"validated against in-lab polysomnography, at least 1 specific OSA symptoms, self report format",FALSE,not mentioned,FALSE,not mentioned,FALSE,not mentioned,FALSE,not mentioned,FALSE,not mentioned,FALSE,not mentioned,FALSE,excluded one scale because it didn't fit the inclusion criteria. But they did not specifically mention exclusion criteria,symptom-level and later into 3 main dimensions,TRUE,yes,TRUE,multi-coded,TRUE,40% of symptoms covered by only 1 scale,FALSE,not mentioned,bottom-up,DSM-5 and ICSD-3 (international Classification of Sleep Disorders),TRUE,6,6 + 2 2key sleep opinion leaders,"mentioned, 2 medical students and 4 sleep experts",FALSE,not mentioned,TRUE,yes,TRUE,Phyton,TRUE,"mentioned, ASA items related to children were excluded",6,FALSE,not reported,FALSE,no,FALSE,not mentioned,referring to 2key sleep opinion leaders,TRUE,0.237,FALSE,NA,TRUE,0.329,TRUE,"mentioned, correlation not significant:"" 0.155 with p = 0.735, suggesting that neither the length of the questionnaire nor the presence of specific or compound symptoms played a role in the overlap""","""highlights the considerable heterogeneity between the 11 scales, ie a weak overlap"", ""This low overlap between the questionnaires underlines the challenge and need to develop and validate new questionnaires that improve clinical screening accuracy while capturing the diversity of OSA symptoms. Indeed, a consensual list and definition of disorder-related symptoms is a prerequisite for standardizing the contents of questionnaires and evaluating their performance in different combinations""",main text,,,,,,,
Chrobak2024,TRUE,7,cervical dystonia,clinical diagnosis,clinician-rated,TRUE,yes,adults,TRUE,systematic review of one database,Medline,TRUE,TRUE,TRUE,TRUE,"assessing the symptoms of CD with specific scale, at least 18 years old",FALSE,not mentioned,TRUE,mentioned but was not important,FALSE,not mentioned,FALSE,not mentioned,TRUE,"mentioned, most 162 articles, least 2",FALSE,not mentioned,TRUE,"type of article, scale not CD specific, non-cervical types of dystonia, scale developing",symptom-level and 7 categories,TRUE,yes,TRUE,multi-coded,TRUE,38%,FALSE,not mentioned,bottom-up,none,FALSE,NA,not mentioned,not mentioned,FALSE,not mentioned,FALSE,no,TRUE,R,FALSE,not mentioned,NA,FALSE,not reported,FALSE,no,FALSE,not mentioned,not mentioned,TRUE,0.17,TRUE,0,TRUE,0.64,TRUE,"mentioned, 0.61 correlation (but not said if significant or not) for number of specific symptoms captured and the length of the scale","""we showed a very weak overlap among scales...None of the scales alone examines the CD symptoms exhaustively enough - we recommend combining them""",main text,,,,,,,
Leung2025,TRUE,6,bilingualism in children,development,parent-report,FALSE,no,children,TRUE,"previous systematic review, updated database search and manual search","PsycINFO, Embase, Google Scholar (first 15 pages)",TRUE,TRUE,TRUE,TRUE,"english language, referenced bi- or multilingualism, used for children, main subject of the publicatio",FALSE,not mentioned,TRUE,english,TRUE,"mentioned, had to be openly available",FALSE,not mentioned,FALSE,not mentioned,FALSE,not mentioned,TRUE,"designed for adults, not language specific, foreign language learners, language/speech disorders, not openly available",domain-level,TRUE,yes,TRUE,"mentioned, ""items could be attributed to multiple categories""",TRUE,,TRUE,"mentioned, grouped as single item",top-down (deductive from existing literature on bilingualism) but inductive for unclear items,"none (not official one, they just mention ""the literature""",TRUE,2,"not clearly stated but it's 2 authors and they write ""we""","not mentioned, researchers",FALSE,not mentioned,FALSE,no,TRUE,R,TRUE,"mentioned, duplicates",2,FALSE,not reported,FALSE,no,FALSE,not mentioned,several rounds of re-evaluation,TRUE,0.28,TRUE,0.06,TRUE,0.59,TRUE,"yes, 0.73, strong","""weak measure item overlap overall...each measure appeared to serve a different purpose rather than converging on unified constructs""",main text,,,,,,,
Lindert2025,FALSE,24,Substance Use in Refugees ,substance use,self-report,TRUE,yes,adults,TRUE,systematic review,"PubMed, Embase, PsycINFO, CINAHL, WoS, PTSDPubs",TRUE,TRUE,TRUE,TRUE,"substance use assessed, validated substance use instrument was used, substance use was self-reported",FALSE,not mentioned,TRUE,"mentioned, no language restriction applied",FALSE,not mentioned,TRUE,"mentioned, no restriction",FALSE,not mentioned,FALSE,not mentioned,TRUE,"not peer reviewed research, not report relevant findings, used only a singly item tool",domain-level,FALSE,not mentioned,FALSE,not mentioned,FALSE,NA,FALSE,not mentioned,top-down,DSM-IV and DSM-V,TRUE,2,3 researchers to screen titles and 2 to do the coding,not mentioned,FALSE,"not mentioned, but they did it independently",FALSE,no,FALSE,not mentioned,FALSE,not mentioned,2,FALSE,not reported,FALSE,no,TRUE,"yes, mentioned",consensus discussion,FALSE,NA,FALSE,NA,FALSE,NA,FALSE,no,"""considerable variation in substance use tools was found across studies, with limited overlap in constructs measured....""",not available,,,,,,,
Dass2024,TRUE,7,bilingualism,developmental/cognitive construct,self-report,TRUE,yes (one scale has 6 items),adults,TRUE,formal search in multiple databases,"PsycINFO, ERIC, Web of Science, Scopus",TRUE,TRUE,TRUE,TRUE,"mentioned, english and had to mention ""bilingualism""",FALSE,not mentioned,TRUE,english,TRUE,mentioned,FALSE,not mentioned,FALSE,not mentioned,FALSE,not mentioned,TRUE,if they: (1) were parents’ reports of children; (2) foreign language learning; (3) speech/language disorders; (4) bilingual education; (5) had six or fewer bilingualism questions; (6) not focused on language; (7) duplicates; (8) full questionnaire unobtainable,symptom-level mapped onto categories,TRUE,"yes, mentioned",TRUE,multi coded,TRUE,,TRUE,"mentioned, collapsed",top down into 5 categories and then inductive in subcategories,none,FALSE,NA,"unclear, only mention ""discussions between all authors for uncertainties""",not mentioned,FALSE,not mentioned,TRUE,yes,TRUE,R,FALSE,not mentioned,NA,FALSE,not reported,FALSE,no,FALSE,not mentioned,consensus discussion among all authors,TRUE,0.09,FALSE,NA,TRUE,0.25,TRUE,"mentioned, but no number reported","""most prominent finding is that the mean overlap amongst all questionnaires was quite low (0.09)""...""low overlap is evidence that researchers in the field of bilingualism should not use questionnaires interchangeably and must carefully select the most appropriate questionnaire""",main text,,,,,,,
Newson2020,FALSE,126,10 mental health disorders,clinical diagnosis,"mixed, self-, parent-, clinician-rated",TRUE,not sure,"adults, pediatric, probably all age ranges",TRUE,"formal search of PubMED, several meta-analysis and reviews taken into account","PubMED, GoogleScholar",TRUE,FALSE,TRUE,TRUE,"kinda, after identifying a plethora of scales, they used the numbers of citations as a measure of use in research",FALSE,not mentioned,FALSE,not mentioned,FALSE,not mentioned,TRUE,"mentioned but probably not as an inclusion, 1959-2018",TRUE,"mentioned, google scholar",FALSE,not mentioned,TRUE,"(i) covered multiple disorders, (ii) assessed only a symptom subset, (iii) targeted a specific clinical group, (iv) were used for a disorder but not specific to it, (v) were not specific to any one disorder",semantic symptom coding into consolidation to domain-level,FALSE,not mentioned,TRUE,dual-coded,FALSE,,FALSE,not mentioned,bottom-up,loosely on SCID-CV and DSM,FALSE,NA,not mentioned,not mentioned,FALSE,not mentioned,FALSE,not mentioned,FALSE,not mentioned,TRUE,"mentioned, items not related to mental health",NA,FALSE,not reported,FALSE,no,FALSE,not mentioned,not mentioned,FALSE ,NA,FALSE,NA,FALSE,NA,FALSE,not mentioned,"assessment landscape is highly inconsistent and heterogeneous; tools intended to assess the same disorder often cover substantially different symptom sets, which can undermine research/clinical reproducibility; they also note substantial between-disorder symptom overlap, questioning the relevance of “disorder-specific” tools",no matrix,,,,,,,
Garcia2027,TRUE,12,perceived safety at school,"non-clinical, education",self-report,TRUE,several scales really short,students (between kindergarden and 12th grade),TRUE,"took a selection of scales from ""recent compendiums of evidence-based school climate measures""...they highlight pros and cons of scale selection this way",none used,TRUE,FALSE,TRUE,TRUE,"mentioned but no specific list or similar, age, self-report, distinct assessment of student safety perception, english, not distinct conceptualization of safety (like bullying, violence etc)",FALSE,not mentioned,TRUE,english,TRUE,"mentioned, either freely available or by contacting the distributor",FALSE,not mentioned,FALSE,not mentioned,FALSE,not mentioned,FALSE,"mentions some specific papers that were not included, but doesn't list any specific exclusion criteria",item-level and broader themes-level(each item assigned one narrow and one broad theme),FALSE,not mentioned,TRUE,"single coded ""items were not included under multiple themes""",TRUE,"""51 narrow themes only appeared once""",TRUE,grouped as equivalent content,bottom-up,none,TRUE,1,"mentioned as ""i manually reviewed...""",not mentioned,FALSE,not mentioned,FALSE,"no, mentioned but only a rationale given, no codebook",TRUE,R,TRUE,"mentioned, no items excluded (except doubles)",1,FALSE,not reported,FALSE,no,FALSE,not mentioned,not mentioned,TRUE,0.072,FALSE ,NA,TRUE,0.132,FALSE,not mentioned,"""there was a very weak degree of similarity between measures, with only 7% of narrow themes overlapping between measures on average."" ""even when grouping items more broadly, measures had only a weak degree of overlap with 33%""",main text,,,,,,,
